[
  {
    "id": "4afecfcc-1e43-4895-8e31-5e05f787eeb8",
    "data": [
      {
        "text": "Good evening!",
        "userDefined": false
      }
    ],
    "isTemplate": false,
    "count": 1,
    "updated": 1519120327
  },
  {
    "id": "7c293866-68da-4d62-a00c-5ace1f260718",
    "data": [
      {
        "text": "Good morning!",
        "userDefined": false
      }
    ],
    "isTemplate": false,
    "count": 0,
    "updated": 1519120327
  },
  {
    "id": "83d491ef-b519-4bba-ab6b-4b6c896eddd4",
    "data": [
      {
        "text": "Good day!",
        "userDefined": false
      }
    ],
    "isTemplate": false,
    "count": 0,
    "updated": 1519120327
  },
  {
    "id": "fde28dec-1026-40b7-bdea-e6012e291beb",
    "data": [
      {
        "text": "Aloha!",
        "userDefined": false
      }
    ],
    "isTemplate": false,
    "count": 0,
    "updated": 1519120327
  },
  {
    "id": "5cd74537-c65a-4665-8986-0c089fca032d",
    "data": [
      {
        "text": "Hi",
        "userDefined": false
      }
    ],
    "isTemplate": false,
    "count": 0,
    "updated": 1519120327
  },
  {
    "id": "01c22963-17de-40b9-afd1-4283b5543eaf",
    "data": [
      {
        "text": "Hey",
        "userDefined": false
      }
    ],
    "isTemplate": false,
    "count": 0,
    "updated": 1519120327
  },
  {
    "id": "2b49b302-44a7-4c83-9819-8ce8e5c016ea",
    "data": [
      {
        "text": "Hello",
        "userDefined": false
      }
    ],
    "isTemplate": false,
    "count": 0,
    "updated": 1519120327
  },
  {
    "id": "dcf7d74e-82b5-4e28-8a99-c9c5c343c5da",
    "data": [
      {
        "text": "Hi!",
        "userDefined": false
      }
    ],
    "isTemplate": false,
    "count": 0,
    "updated": 1519120327
  }
]