[
  {
    "id": "29d3b4b4-a1ca-48a3-b796-00c47327e2e7",
    "data": [
      {
        "text": "@food:food consists of",
        "userDefined": false
      }
    ],
    "isTemplate": true,
    "count": 0,
    "updated": 1519158143
  },
  {
    "id": "0f1e9a1c-5c75-4946-88a9-94925b8b712c",
    "data": [
      {
        "text": "what is @food:food composed of",
        "userDefined": false
      }
    ],
    "isTemplate": true,
    "count": 0,
    "updated": 1519158143
  },
  {
    "id": "73f76477-98d2-4084-aca5-1171482ab559",
    "data": [
      {
        "text": "Tell me composition of @food:food",
        "userDefined": false
      }
    ],
    "isTemplate": true,
    "count": 0,
    "updated": 1519158143
  },
  {
    "id": "40722bdb-a79f-49fa-b1b8-dd44b5ed37db",
    "data": [
      {
        "text": "@food:food composition",
        "userDefined": false
      }
    ],
    "isTemplate": true,
    "count": 0,
    "updated": 1519158143
  },
  {
    "id": "44125c88-9752-418c-a6e4-7168e2bff1b6",
    "data": [
      {
        "text": "What is the composition of @food:food?",
        "userDefined": false
      }
    ],
    "isTemplate": true,
    "count": 0,
    "updated": 1519158143
  },
  {
    "id": "adcb08ba-44d3-4646-8ef0-4065a4d95144",
    "data": [
      {
        "text": "What\u0027s fats, carbohydrates and proteins content in @food:food?",
        "userDefined": false
      }
    ],
    "isTemplate": true,
    "count": 0,
    "updated": 1519158143
  },
  {
    "id": "b9bd5740-833c-44c9-91fc-3c397148e926",
    "data": [
      {
        "text": "@food:food",
        "userDefined": false
      }
    ],
    "isTemplate": true,
    "count": 0,
    "updated": 1519158143
  },
  {
    "id": "3ed5c5d5-c66f-433c-a312-2e08d27e3325",
    "data": [
      {
        "text": "What\u0027s ",
        "userDefined": false
      },
      {
        "text": "fats, carbohydrates and proteins content",
        "meta": "@sys.ignore",
        "userDefined": false
      },
      {
        "text": " in ",
        "userDefined": false
      },
      {
        "text": "pasta",
        "alias": "food",
        "meta": "@food",
        "userDefined": true
      },
      {
        "text": "?",
        "userDefined": false
      }
    ],
    "isTemplate": false,
    "count": 0,
    "updated": 1519158143
  },
  {
    "id": "1d9e7531-d01e-4e3c-bc42-62f5d0ffb153",
    "data": [
      {
        "text": "and what about ",
        "userDefined": false
      },
      {
        "text": "eggs",
        "alias": "food",
        "meta": "@food",
        "userDefined": true
      },
      {
        "text": "?",
        "userDefined": false
      }
    ],
    "isTemplate": false,
    "count": 0,
    "updated": 1519158143
  },
  {
    "id": "0a9edad2-f220-4132-9d2c-f82dc025b68b",
    "data": [
      {
        "text": "Tell me ",
        "userDefined": false
      },
      {
        "text": "composition",
        "meta": "@sys.ignore",
        "userDefined": false
      },
      {
        "text": " of ",
        "userDefined": false
      },
      {
        "text": "sausage",
        "alias": "food",
        "meta": "@food",
        "userDefined": false
      }
    ],
    "isTemplate": false,
    "count": 0,
    "updated": 1519158143
  },
  {
    "id": "2f516b7f-3ad9-4286-8687-119463b86fd2",
    "data": [
      {
        "text": "Pasta",
        "alias": "food",
        "meta": "@food",
        "userDefined": true
      },
      {
        "text": " ",
        "userDefined": false
      },
      {
        "text": "composition",
        "meta": "@sys.ignore",
        "userDefined": false
      }
    ],
    "isTemplate": false,
    "count": 0,
    "updated": 1519158143
  },
  {
    "id": "304d4d5d-30db-4744-a7c2-ba262c3b1ed2",
    "data": [
      {
        "text": "Egg",
        "alias": "food",
        "meta": "@food",
        "userDefined": false
      }
    ],
    "isTemplate": false,
    "count": 0,
    "updated": 1519158143
  },
  {
    "id": "e0865dfb-dbf0-4f37-a584-6cc45f31dfa0",
    "data": [
      {
        "text": "What is the ",
        "userDefined": false
      },
      {
        "text": "composition",
        "meta": "@sys.ignore",
        "userDefined": false
      },
      {
        "text": " of ",
        "userDefined": false
      },
      {
        "text": "apple",
        "alias": "food",
        "meta": "@food",
        "userDefined": false
      },
      {
        "text": "?",
        "userDefined": false
      }
    ],
    "isTemplate": false,
    "count": 0,
    "updated": 1519158143
  }
]