[
  {
    "value": "Oranges",
    "synonyms": [
      "Oranges",
      "orange"
    ]
  },
  {
    "value": "Celery",
    "synonyms": [
      "Celery"
    ]
  },
  {
    "value": "Asparagus",
    "synonyms": [
      "Asparagus"
    ]
  },
  {
    "value": "Broccoli",
    "synonyms": [
      "Broccoli"
    ]
  },
  {
    "value": "Lime",
    "synonyms": [
      "Lime"
    ]
  },
  {
    "value": "Berries",
    "synonyms": [
      "Berries"
    ]
  },
  {
    "value": "Onions",
    "synonyms": [
      "Onions"
    ]
  },
  {
    "value": "Plums",
    "synonyms": [
      "Plums"
    ]
  },
  {
    "value": "Peppers",
    "synonyms": [
      "Peppers"
    ]
  },
  {
    "value": "Beef",
    "synonyms": [
      "Beef"
    ]
  },
  {
    "value": "Cabbage",
    "synonyms": [
      "Cabbage"
    ]
  },
  {
    "value": "Lettuce",
    "synonyms": [
      "Lettuce"
    ]
  },
  {
    "value": "Peaches",
    "synonyms": [
      "Peaches"
    ]
  },
  {
    "value": "Greenbeans",
    "synonyms": [
      "Greenbeans"
    ]
  },
  {
    "value": "Dinners",
    "synonyms": [
      "Dinners"
    ]
  },
  {
    "value": "Pears",
    "synonyms": [
      "Pears"
    ]
  },
  {
    "value": "Strawberries",
    "synonyms": [
      "Strawberries",
      "strawberry"
    ]
  },
  {
    "value": "Corn",
    "synonyms": [
      "Corn"
    ]
  },
  {
    "value": "Mushrooms",
    "synonyms": [
      "Mushrooms"
    ]
  },
  {
    "value": "Squash",
    "synonyms": [
      "Squash"
    ]
  },
  {
    "value": "Potatoes",
    "synonyms": [
      "Potatoes"
    ]
  },
  {
    "value": "apple",
    "synonyms": [
      "Apples",
      "apple"
    ]
  },
  {
    "value": "Mixed Fruit",
    "synonyms": [
      "Mixed Fruit"
    ]
  },
  {
    "value": "Asparagus",
    "synonyms": [
      "Asparagus"
    ]
  },
  {
    "value": "Zucchini",
    "synonyms": [
      "Zucchini"
    ]
  },
  {
    "value": "Cherries",
    "synonyms": [
      "Cherries"
    ]
  },
  {
    "value": "Pineapples",
    "synonyms": [
      "Pineapples"
    ]
  },
  {
    "value": "String Beans",
    "synonyms": [
      "String Beans"
    ]
  },
  {
    "value": "Mixed Veg.",
    "synonyms": [
      "Mixed Veg."
    ]
  },
  {
    "value": "Carrots",
    "synonyms": [
      "Carrots"
    ]
  },
  {
    "value": "Lemons",
    "synonyms": [
      "Lemons"
    ]
  },
  {
    "value": "Carrots",
    "synonyms": [
      "Carrots"
    ]
  },
  {
    "value": "Watermelon",
    "synonyms": [
      "Watermelon"
    ]
  },
  {
    "value": "Ground",
    "synonyms": [
      "Ground"
    ]
  },
  {
    "value": "Green Beans",
    "synonyms": [
      "Green Beans"
    ]
  },
  {
    "value": "Corn",
    "synonyms": [
      "Corn"
    ]
  },
  {
    "value": "Baked Beans",
    "synonyms": [
      "Baked Beans"
    ]
  },
  {
    "value": "PorkNBeans",
    "synonyms": [
      "PorkNBeans"
    ]
  },
  {
    "value": "Melons",
    "synonyms": [
      "Melons",
      "melon"
    ]
  },
  {
    "value": "Nectarines",
    "synonyms": [
      "Nectarines"
    ]
  },
  {
    "value": "Cauliflower",
    "synonyms": [
      "Cauliflower"
    ]
  },
  {
    "value": "Garlic",
    "synonyms": [
      "Garlic"
    ]
  },
  {
    "value": "Sweet Potato",
    "synonyms": [
      "Sweet Potato"
    ]
  },
  {
    "value": "Ice Cream",
    "synonyms": [
      "Ice Cream"
    ]
  },
  {
    "value": "Pizza",
    "synonyms": [
      "Pizza"
    ]
  },
  {
    "value": "Tater Tots",
    "synonyms": [
      "Tater Tots"
    ]
  },
  {
    "value": "banana",
    "synonyms": [
      "Bananas",
      "banana"
    ]
  },
  {
    "value": "Grapes",
    "synonyms": [
      "Grapes"
    ]
  },
  {
    "value": "Peaches",
    "synonyms": [
      "Peaches"
    ]
  },
  {
    "value": "Peas",
    "synonyms": [
      "Peas"
    ]
  },
  {
    "value": "Pears",
    "synonyms": [
      "Pears"
    ]
  },
  {
    "value": "Beans",
    "synonyms": [
      "Beans"
    ]
  },
  {
    "value": "Peas",
    "synonyms": [
      "Peas"
    ]
  },
  {
    "value": "Hamburger",
    "synonyms": [
      "Hamburger"
    ]
  },
  {
    "value": "Potato",
    "synonyms": [
      "Potato"
    ]
  },
  {
    "value": "Tomatoes",
    "synonyms": [
      "Tomatoes"
    ]
  },
  {
    "value": "Butter Beans",
    "synonyms": [
      "Butter Beans"
    ]
  },
  {
    "value": "Kidney Beans",
    "synonyms": [
      "Kidney Beans"
    ]
  },
  {
    "value": "French Fries",
    "synonyms": [
      "French Fries"
    ]
  },
  {
    "value": "Broccoli",
    "synonyms": [
      "Broccoli"
    ]
  },
  {
    "value": "Carrots",
    "synonyms": [
      "Carrots"
    ]
  },
  {
    "value": "Tomatoes",
    "synonyms": [
      "Tomatoes"
    ]
  },
  {
    "value": "Pinto Beans",
    "synonyms": [
      "Pinto Beans"
    ]
  },
  {
    "value": "Corn",
    "synonyms": [
      "Corn"
    ]
  },
  {
    "value": "Cookies",
    "synonyms": [
      "Cookies"
    ]
  },
  {
    "value": "Turkey",
    "synonyms": [
      "Turkey"
    ]
  },
  {
    "value": "Crabmeat",
    "synonyms": [
      "Crabmeat"
    ]
  },
  {
    "value": "Biscuits",
    "synonyms": [
      "Biscuits"
    ]
  },
  {
    "value": "Water",
    "synonyms": [
      "Water"
    ]
  },
  {
    "value": "Cauliflower",
    "synonyms": [
      "Cauliflower"
    ]
  },
  {
    "value": "Corn",
    "synonyms": [
      "Corn"
    ]
  },
  {
    "value": "Potato",
    "synonyms": [
      "Potato"
    ]
  },
  {
    "value": "Cherries",
    "synonyms": [
      "Cherries"
    ]
  },
  {
    "value": "Peaches",
    "synonyms": [
      "Peaches"
    ]
  },
  {
    "value": "Corn",
    "synonyms": [
      "Corn"
    ]
  },
  {
    "value": "Tomatoes",
    "synonyms": [
      "Tomatoes"
    ]
  },
  {
    "value": "Kidney Beans",
    "synonyms": [
      "Kidney Beans"
    ]
  },
  {
    "value": "Tater Tots",
    "synonyms": [
      "Tater Tots"
    ]
  },
  {
    "value": "Ground",
    "synonyms": [
      "Ground"
    ]
  },
  {
    "value": "Ham",
    "synonyms": [
      "Ham"
    ]
  },
  {
    "value": "Cinnamon",
    "synonyms": [
      "Cinnamon"
    ]
  },
  {
    "value": "Chops",
    "synonyms": [
      "Chops"
    ]
  },
  {
    "value": "Salsa",
    "synonyms": [
      "Salsa"
    ]
  },
  {
    "value": "Pancake Mix",
    "synonyms": [
      "Pancake Mix"
    ]
  },
  {
    "value": "Plums",
    "synonyms": [
      "Plums"
    ]
  },
  {
    "value": "Greenbeans",
    "synonyms": [
      "Greenbeans"
    ]
  },
  {
    "value": "Broccoli",
    "synonyms": [
      "Broccoli"
    ]
  },
  {
    "value": "Steaks",
    "synonyms": [
      "Steaks"
    ]
  },
  {
    "value": "Ginger",
    "synonyms": [
      "Ginger"
    ]
  },
  {
    "value": "Meat",
    "synonyms": [
      "Meat"
    ]
  },
  {
    "value": "Honey",
    "synonyms": [
      "Honey"
    ]
  },
  {
    "value": "Mustard",
    "synonyms": [
      "Mustard"
    ]
  },
  {
    "value": "Soft Drinks",
    "synonyms": [
      "Soft Drinks"
    ]
  },
  {
    "value": "Sports Drinks",
    "synonyms": [
      "Sports Drinks"
    ]
  },
  {
    "value": "Butter",
    "synonyms": [
      "Butter"
    ]
  },
  {
    "value": "Green Chili",
    "synonyms": [
      "Green Chili"
    ]
  },
  {
    "value": "Asparagus",
    "synonyms": [
      "Asparagus"
    ]
  },
  {
    "value": "Celery",
    "synonyms": [
      "Celery"
    ]
  },
  {
    "value": "Sweet Potato",
    "synonyms": [
      "Sweet Potato"
    ]
  },
  {
    "value": "Roast",
    "synonyms": [
      "Roast"
    ]
  },
  {
    "value": "Roast",
    "synonyms": [
      "Roast"
    ]
  },
  {
    "value": "Roast Beef",
    "synonyms": [
      "Roast Beef"
    ]
  },
  {
    "value": "Tuna",
    "synonyms": [
      "Tuna"
    ]
  },
  {
    "value": "Worcestershire",
    "synonyms": [
      "Worcestershire"
    ]
  },
  {
    "value": "Candy",
    "synonyms": [
      "Candy"
    ]
  },
  {
    "value": "Refried Beans",
    "synonyms": [
      "Refried Beans"
    ]
  },
  {
    "value": "Cereals",
    "synonyms": [
      "Cereals"
    ]
  },
  {
    "value": "Onions",
    "synonyms": [
      "Onions"
    ]
  },
  {
    "value": "Tomatoes",
    "synonyms": [
      "Tomatoes"
    ]
  },
  {
    "value": "String Beans",
    "synonyms": [
      "String Beans"
    ]
  },
  {
    "value": "Roast",
    "synonyms": [
      "Roast"
    ]
  },
  {
    "value": "Fish",
    "synonyms": [
      "Fish"
    ]
  },
  {
    "value": "Tuna",
    "synonyms": [
      "Tuna"
    ]
  },
  {
    "value": "Nutmeg",
    "synonyms": [
      "Nutmeg"
    ]
  },
  {
    "value": "Syrup",
    "synonyms": [
      "Syrup"
    ]
  },
  {
    "value": "Milk",
    "synonyms": [
      "Milk"
    ]
  },
  {
    "value": "Tea",
    "synonyms": [
      "Tea"
    ]
  },
  {
    "value": "Milk",
    "synonyms": [
      "Milk"
    ]
  },
  {
    "value": "Nectarines",
    "synonyms": [
      "Nectarines"
    ]
  },
  {
    "value": "Carrots",
    "synonyms": [
      "Carrots"
    ]
  },
  {
    "value": "Pears",
    "synonyms": [
      "Pears"
    ]
  },
  {
    "value": "Asparagus",
    "synonyms": [
      "Asparagus"
    ]
  },
  {
    "value": "Baked Beans",
    "synonyms": [
      "Baked Beans"
    ]
  },
  {
    "value": "Ham",
    "synonyms": [
      "Ham"
    ]
  },
  {
    "value": "Shrimp",
    "synonyms": [
      "Shrimp"
    ]
  },
  {
    "value": "Vienna Sausage",
    "synonyms": [
      "Vienna Sausage"
    ]
  },
  {
    "value": "Pretzels",
    "synonyms": [
      "Pretzels"
    ]
  },
  {
    "value": "Peas",
    "synonyms": [
      "Peas"
    ]
  },
  {
    "value": "Pork",
    "synonyms": [
      "Pork"
    ]
  },
  {
    "value": "Chops",
    "synonyms": [
      "Chops"
    ]
  },
  {
    "value": "Roast",
    "synonyms": [
      "Roast"
    ]
  },
  {
    "value": "Seafood",
    "synonyms": [
      "Seafood"
    ]
  },
  {
    "value": "Salmon",
    "synonyms": [
      "Salmon"
    ]
  },
  {
    "value": "Ham",
    "synonyms": [
      "Ham"
    ]
  },
  {
    "value": "Shrimp",
    "synonyms": [
      "Shrimp"
    ]
  },
  {
    "value": "Cooking Spray",
    "synonyms": [
      "Cooking Spray"
    ]
  },
  {
    "value": "Potato Chips",
    "synonyms": [
      "Potato Chips"
    ]
  },
  {
    "value": "Tortillias",
    "synonyms": [
      "Tortillias"
    ]
  },
  {
    "value": "Cereal",
    "synonyms": [
      "Cereal"
    ]
  },
  {
    "value": "Jello",
    "synonyms": [
      "Jello"
    ]
  },
  {
    "value": "Berries",
    "synonyms": [
      "Berries"
    ]
  },
  {
    "value": "Oranges",
    "synonyms": [
      "Oranges"
    ]
  },
  {
    "value": "Cabbage",
    "synonyms": [
      "Cabbage"
    ]
  },
  {
    "value": "Peas",
    "synonyms": [
      "Peas"
    ]
  },
  {
    "value": "Beans",
    "synonyms": [
      "Beans"
    ]
  },
  {
    "value": "Pinto Beans",
    "synonyms": [
      "Pinto Beans"
    ]
  },
  {
    "value": "Carrots",
    "synonyms": [
      "Carrots"
    ]
  },
  {
    "value": "Ginger",
    "synonyms": [
      "Ginger"
    ]
  },
  {
    "value": "Cinnamon",
    "synonyms": [
      "Cinnamon"
    ]
  },
  {
    "value": "Horseradish",
    "synonyms": [
      "Horseradish"
    ]
  },
  {
    "value": "Crackers",
    "synonyms": [
      "Crackers"
    ]
  },
  {
    "value": "Baking Soda",
    "synonyms": [
      "Baking Soda"
    ]
  },
  {
    "value": "Cornstarch",
    "synonyms": [
      "Cornstarch"
    ]
  },
  {
    "value": "Bananas",
    "synonyms": [
      "Bananas"
    ]
  },
  {
    "value": "Lime",
    "synonyms": [
      "Lime"
    ]
  },
  {
    "value": "Peppers",
    "synonyms": [
      "Peppers"
    ]
  },
  {
    "value": "Chicken",
    "synonyms": [
      "Chicken"
    ]
  },
  {
    "value": "Smoked Turkey",
    "synonyms": [
      "Smoked Turkey"
    ]
  },
  {
    "value": "Scallops",
    "synonyms": [
      "Scallops"
    ]
  },
  {
    "value": "Juice",
    "synonyms": [
      "Juice"
    ]
  },
  {
    "value": "Orange Juice",
    "synonyms": [
      "Orange Juice"
    ]
  },
  {
    "value": "Fruits",
    "synonyms": [
      "Fruits"
    ]
  },
  {
    "value": "Grapes",
    "synonyms": [
      "Grapes"
    ]
  },
  {
    "value": "Lettuce",
    "synonyms": [
      "Lettuce"
    ]
  },
  {
    "value": "PorkNBeans",
    "synonyms": [
      "PorkNBeans"
    ]
  },
  {
    "value": "Nutmeg",
    "synonyms": [
      "Nutmeg"
    ]
  },
  {
    "value": "Ketchup",
    "synonyms": [
      "Ketchup"
    ]
  },
  {
    "value": "Olive Oil",
    "synonyms": [
      "Olive Oil"
    ]
  },
  {
    "value": "Hot Dog",
    "synonyms": [
      "Hot Dog"
    ]
  },
  {
    "value": "Creamer",
    "synonyms": [
      "Creamer"
    ]
  },
  {
    "value": "Brownie Mix",
    "synonyms": [
      "Brownie Mix"
    ]
  },
  {
    "value": "Vanilla Extract",
    "synonyms": [
      "Vanilla Extract"
    ]
  },
  {
    "value": "Lemons",
    "synonyms": [
      "Lemons"
    ]
  },
  {
    "value": "Watermelon",
    "synonyms": [
      "Watermelon"
    ]
  },
  {
    "value": "French Fries",
    "synonyms": [
      "French Fries"
    ]
  },
  {
    "value": "Hamburger",
    "synonyms": [
      "Hamburger"
    ]
  },
  {
    "value": "Salmon",
    "synonyms": [
      "Salmon"
    ]
  },
  {
    "value": "Pork",
    "synonyms": [
      "Pork"
    ]
  },
  {
    "value": "Bacon",
    "synonyms": [
      "Bacon"
    ]
  },
  {
    "value": "Oil",
    "synonyms": [
      "Oil"
    ]
  },
  {
    "value": "Snacks",
    "synonyms": [
      "Snacks"
    ]
  },
  {
    "value": "Buns",
    "synonyms": [
      "Buns"
    ]
  },
  {
    "value": "Sliced Cheese",
    "synonyms": [
      "Sliced Cheese"
    ]
  },
  {
    "value": "Brown Sugar",
    "synonyms": [
      "Brown Sugar"
    ]
  },
  {
    "value": "Squash",
    "synonyms": [
      "Squash"
    ]
  },
  {
    "value": "Mixed Fruit",
    "synonyms": [
      "Mixed Fruit"
    ]
  },
  {
    "value": "Green Beans",
    "synonyms": [
      "Green Beans"
    ]
  },
  {
    "value": "Corn",
    "synonyms": [
      "Corn"
    ]
  },
  {
    "value": "Vienna Sausage",
    "synonyms": [
      "Vienna Sausage"
    ]
  },
  {
    "value": "Onion Powder",
    "synonyms": [
      "Onion Powder"
    ]
  },
  {
    "value": "Mayonnaise",
    "synonyms": [
      "Mayonnaise"
    ]
  },
  {
    "value": "Nuts",
    "synonyms": [
      "Nuts"
    ]
  },
  {
    "value": "Beverage",
    "synonyms": [
      "Beverage"
    ]
  },
  {
    "value": "Sour Cream",
    "synonyms": [
      "Sour Cream"
    ]
  },
  {
    "value": "Yogurt",
    "synonyms": [
      "Yogurt"
    ]
  },
  {
    "value": "Tomato Paste",
    "synonyms": [
      "Tomato Paste"
    ]
  },
  {
    "value": "Flour",
    "synonyms": [
      "Flour"
    ]
  },
  {
    "value": "Melons",
    "synonyms": [
      "Melons"
    ]
  },
  {
    "value": "Butter Beans",
    "synonyms": [
      "Butter Beans"
    ]
  },
  {
    "value": "Dinners",
    "synonyms": [
      "Dinners"
    ]
  },
  {
    "value": "Mixed Veg.",
    "synonyms": [
      "Mixed Veg."
    ]
  },
  {
    "value": "Chicken",
    "synonyms": [
      "Chicken"
    ]
  },
  {
    "value": "Oregano",
    "synonyms": [
      "Oregano"
    ]
  },
  {
    "value": "Jelly",
    "synonyms": [
      "Jelly"
    ]
  },
  {
    "value": "Peanut Butter",
    "synonyms": [
      "Peanut Butter"
    ]
  },
  {
    "value": "Cheese",
    "synonyms": [
      "Cheese"
    ]
  },
  {
    "value": "Popcorn",
    "synonyms": [
      "Popcorn"
    ]
  },
  {
    "value": "Hamburger",
    "synonyms": [
      "Hamburger"
    ]
  },
  {
    "value": "Coffee",
    "synonyms": [
      "Coffee"
    ]
  },
  {
    "value": "Eggs",
    "synonyms": [
      "Eggs"
    ]
  },
  {
    "value": "Oatmeal",
    "synonyms": [
      "Oatmeal"
    ]
  },
  {
    "value": "Pineapples",
    "synonyms": [
      "Pineapples"
    ]
  },
  {
    "value": "Carrots",
    "synonyms": [
      "Carrots"
    ]
  },
  {
    "value": "Ice Cream",
    "synonyms": [
      "Ice Cream"
    ]
  },
  {
    "value": "Bacon",
    "synonyms": [
      "Bacon"
    ]
  },
  {
    "value": "Seafood",
    "synonyms": [
      "Seafood"
    ]
  },
  {
    "value": "Garlic",
    "synonyms": [
      "Garlic"
    ]
  },
  {
    "value": "Paprika",
    "synonyms": [
      "Paprika"
    ]
  },
  {
    "value": "Parsley",
    "synonyms": [
      "Parsley"
    ]
  },
  {
    "value": "Vegetable Oil",
    "synonyms": [
      "Vegetable Oil"
    ]
  },
  {
    "value": "Spanish Rice",
    "synonyms": [
      "Spanish Rice"
    ]
  },
  {
    "value": "Tacos",
    "synonyms": [
      "Tacos"
    ]
  },
  {
    "value": "Rice",
    "synonyms": [
      "Rice"
    ]
  },
  {
    "value": "Apples",
    "synonyms": [
      "Apples"
    ]
  },
  {
    "value": "Peaches",
    "synonyms": [
      "Peaches"
    ]
  },
  {
    "value": "Strawberries",
    "synonyms": [
      "Strawberries"
    ]
  },
  {
    "value": "Beef",
    "synonyms": [
      "Beef"
    ]
  },
  {
    "value": "Roast Beef",
    "synonyms": [
      "Roast Beef"
    ]
  },
  {
    "value": "Sausage",
    "synonyms": [
      "Sausage"
    ]
  },
  {
    "value": "Steaks",
    "synonyms": [
      "Steaks"
    ]
  },
  {
    "value": "Ham",
    "synonyms": [
      "Ham"
    ]
  },
  {
    "value": "Sausage",
    "synonyms": [
      "Sausage"
    ]
  },
  {
    "value": "Salt",
    "synonyms": [
      "Salt"
    ]
  },
  {
    "value": "Raisins",
    "synonyms": [
      "Raisins"
    ]
  },
  {
    "value": "Margarine",
    "synonyms": [
      "Margarine"
    ]
  },
  {
    "value": "Cocoa",
    "synonyms": [
      "Cocoa"
    ]
  },
  {
    "value": "Broccoli",
    "synonyms": [
      "Broccoli"
    ]
  },
  {
    "value": "Mushrooms",
    "synonyms": [
      "Mushrooms"
    ]
  },
  {
    "value": "Meat",
    "synonyms": [
      "Meat"
    ]
  },
  {
    "value": "Turkey",
    "synonyms": [
      "Turkey"
    ]
  },
  {
    "value": "Garlic",
    "synonyms": [
      "Garlic"
    ]
  },
  {
    "value": "Onion Powder",
    "synonyms": [
      "Onion Powder"
    ]
  },
  {
    "value": "Smoked Turkey",
    "synonyms": [
      "Smoked Turkey"
    ]
  },
  {
    "value": "Fish",
    "synonyms": [
      "Fish"
    ]
  },
  {
    "value": "Pepper",
    "synonyms": [
      "Pepper"
    ]
  },
  {
    "value": "Salsa",
    "synonyms": [
      "Salsa"
    ]
  },
  {
    "value": "Soy Sauce",
    "synonyms": [
      "Soy Sauce"
    ]
  },
  {
    "value": "Cake Mix",
    "synonyms": [
      "Cake Mix"
    ]
  },
  {
    "value": "Sugar",
    "synonyms": [
      "Sugar"
    ]
  },
  {
    "value": "Pears",
    "synonyms": [
      "Pears"
    ]
  },
  {
    "value": "Garlic",
    "synonyms": [
      "Garlic"
    ]
  },
  {
    "value": "Zucchini",
    "synonyms": [
      "Zucchini"
    ]
  },
  {
    "value": "Potatoes",
    "synonyms": [
      "Potatoes"
    ]
  },
  {
    "value": "Pizza",
    "synonyms": [
      "Pizza"
    ]
  },
  {
    "value": "Crabmeat",
    "synonyms": [
      "Crabmeat"
    ]
  },
  {
    "value": "Scallops",
    "synonyms": [
      "Scallops"
    ]
  },
  {
    "value": "Cheese",
    "synonyms": [
      "Cheese"
    ]
  },
  {
    "value": "Oregano",
    "synonyms": [
      "Oregano"
    ]
  },
  {
    "value": "Milk",
    "synonyms": [
      "Milk"
    ]
  },
  {
    "value": "Eggs",
    "synonyms": [
      "Eggs"
    ]
  },
  {
    "value": "Sliced Cheese",
    "synonyms": [
      "Sliced Cheese"
    ]
  },
  {
    "value": "Salsa",
    "synonyms": [
      "Salsa"
    ]
  },
  {
    "value": "Sugar",
    "synonyms": [
      "Sugar"
    ]
  },
  {
    "value": "Lemons",
    "synonyms": [
      "Lemons"
    ]
  },
  {
    "value": "Lettuce",
    "synonyms": [
      "Lettuce"
    ]
  },
  {
    "value": "Peppers",
    "synonyms": [
      "Peppers"
    ]
  },
  {
    "value": "Cherries",
    "synonyms": [
      "Cherries"
    ]
  },
  {
    "value": "Potatoes",
    "synonyms": [
      "Potatoes"
    ]
  },
  {
    "value": "Jelly",
    "synonyms": [
      "Jelly"
    ]
  },
  {
    "value": "Soy Sauce",
    "synonyms": [
      "Soy Sauce"
    ]
  },
  {
    "value": "Peaches",
    "synonyms": [
      "Peaches"
    ]
  },
  {
    "value": "Honey",
    "synonyms": [
      "Honey"
    ]
  },
  {
    "value": "Paprika",
    "synonyms": [
      "Paprika"
    ]
  },
  {
    "value": "Pepper",
    "synonyms": [
      "Pepper"
    ]
  },
  {
    "value": "Worcestershire",
    "synonyms": [
      "Worcestershire"
    ]
  },
  {
    "value": "Soft Drinks",
    "synonyms": [
      "Soft Drinks"
    ]
  },
  {
    "value": "Mushrooms",
    "synonyms": [
      "Mushrooms"
    ]
  },
  {
    "value": "Kidney Beans",
    "synonyms": [
      "Kidney Beans"
    ]
  },
  {
    "value": "Mayonnaise",
    "synonyms": [
      "Mayonnaise"
    ]
  },
  {
    "value": "Salt",
    "synonyms": [
      "Salt"
    ]
  },
  {
    "value": "Corn",
    "synonyms": [
      "Corn"
    ]
  },
  {
    "value": "Squash",
    "synonyms": [
      "Squash"
    ]
  },
  {
    "value": "Peaches",
    "synonyms": [
      "Peaches"
    ]
  },
  {
    "value": "Popcorn",
    "synonyms": [
      "Popcorn"
    ]
  },
  {
    "value": "Raisins",
    "synonyms": [
      "Raisins"
    ]
  },
  {
    "value": "Hamburger",
    "synonyms": [
      "Hamburger"
    ]
  },
  {
    "value": "Brownie Mix",
    "synonyms": [
      "Brownie Mix"
    ]
  },
  {
    "value": "Corn",
    "synonyms": [
      "Corn"
    ]
  },
  {
    "value": "Snacks",
    "synonyms": [
      "Snacks"
    ]
  },
  {
    "value": "Sports Drinks",
    "synonyms": [
      "Sports Drinks"
    ]
  },
  {
    "value": "Cocoa",
    "synonyms": [
      "Cocoa"
    ]
  },
  {
    "value": "Oatmeal",
    "synonyms": [
      "Oatmeal"
    ]
  },
  {
    "value": "Pancake Mix",
    "synonyms": [
      "Pancake Mix"
    ]
  },
  {
    "value": "Lime",
    "synonyms": [
      "Lime"
    ]
  },
  {
    "value": "Plums",
    "synonyms": [
      "Plums"
    ]
  },
  {
    "value": "Refried Beans",
    "synonyms": [
      "Refried Beans"
    ]
  },
  {
    "value": "Nectarines",
    "synonyms": [
      "Nectarines"
    ]
  },
  {
    "value": "Pinto Beans",
    "synonyms": [
      "Pinto Beans"
    ]
  },
  {
    "value": "Ketchup",
    "synonyms": [
      "Ketchup"
    ]
  },
  {
    "value": "Potato Chips",
    "synonyms": [
      "Potato Chips"
    ]
  },
  {
    "value": "Cereal",
    "synonyms": [
      "Cereal"
    ]
  },
  {
    "value": "Berries",
    "synonyms": [
      "Berries"
    ]
  },
  {
    "value": "Cabbage",
    "synonyms": [
      "Cabbage"
    ]
  },
  {
    "value": "Garlic",
    "synonyms": [
      "Garlic"
    ]
  },
  {
    "value": "Zucchini",
    "synonyms": [
      "Zucchini"
    ]
  },
  {
    "value": "Mixed Fruit",
    "synonyms": [
      "Mixed Fruit"
    ]
  },
  {
    "value": "Green Beans",
    "synonyms": [
      "Green Beans"
    ]
  },
  {
    "value": "Cooking Spray",
    "synonyms": [
      "Cooking Spray"
    ]
  },
  {
    "value": "Cornstarch",
    "synonyms": [
      "Cornstarch"
    ]
  },
  {
    "value": "Oranges",
    "synonyms": [
      "Oranges"
    ]
  },
  {
    "value": "Butter Beans",
    "synonyms": [
      "Butter Beans"
    ]
  },
  {
    "value": "Corn",
    "synonyms": [
      "Corn"
    ]
  },
  {
    "value": "Pretzels",
    "synonyms": [
      "Pretzels"
    ]
  },
  {
    "value": "Orange Juice",
    "synonyms": [
      "Orange Juice"
    ]
  },
  {
    "value": "Milk",
    "synonyms": [
      "Milk"
    ]
  },
  {
    "value": "Tomato Paste",
    "synonyms": [
      "Tomato Paste"
    ]
  },
  {
    "value": "Apples",
    "synonyms": [
      "Apples"
    ]
  },
  {
    "value": "Bananas",
    "synonyms": [
      "Bananas"
    ]
  },
  {
    "value": "Asparagus",
    "synonyms": [
      "Asparagus"
    ]
  },
  {
    "value": "Tomatoes",
    "synonyms": [
      "Tomatoes"
    ]
  },
  {
    "value": "Tomatoes",
    "synonyms": [
      "Tomatoes"
    ]
  },
  {
    "value": "Peanut Butter",
    "synonyms": [
      "Peanut Butter"
    ]
  },
  {
    "value": "Vegetable Oil",
    "synonyms": [
      "Vegetable Oil"
    ]
  },
  {
    "value": "Cookies",
    "synonyms": [
      "Cookies"
    ]
  },
  {
    "value": "Water",
    "synonyms": [
      "Water"
    ]
  },
  {
    "value": "Tacos",
    "synonyms": [
      "Tacos"
    ]
  },
  {
    "value": "Cake Mix",
    "synonyms": [
      "Cake Mix"
    ]
  },
  {
    "value": "Carrots",
    "synonyms": [
      "Carrots"
    ]
  },
  {
    "value": "Sweet Potato",
    "synonyms": [
      "Sweet Potato"
    ]
  },
  {
    "value": "Carrots",
    "synonyms": [
      "Carrots"
    ]
  },
  {
    "value": "Syrup",
    "synonyms": [
      "Syrup"
    ]
  },
  {
    "value": "Mustard",
    "synonyms": [
      "Mustard"
    ]
  },
  {
    "value": "Butter",
    "synonyms": [
      "Butter"
    ]
  },
  {
    "value": "Parsley",
    "synonyms": [
      "Parsley"
    ]
  },
  {
    "value": "Oil",
    "synonyms": [
      "Oil"
    ]
  },
  {
    "value": "Crackers",
    "synonyms": [
      "Crackers"
    ]
  },
  {
    "value": "Biscuits",
    "synonyms": [
      "Biscuits"
    ]
  },
  {
    "value": "Yogurt",
    "synonyms": [
      "Yogurt"
    ]
  },
  {
    "value": "Green Chili",
    "synonyms": [
      "Green Chili"
    ]
  },
  {
    "value": "Spanish Rice",
    "synonyms": [
      "Spanish Rice"
    ]
  },
  {
    "value": "Vanilla Extract",
    "synonyms": [
      "Vanilla Extract"
    ]
  },
  {
    "value": "Cauliflower",
    "synonyms": [
      "Cauliflower"
    ]
  },
  {
    "value": "Pineapples",
    "synonyms": [
      "Pineapples"
    ]
  },
  {
    "value": "Beans",
    "synonyms": [
      "Beans"
    ]
  },
  {
    "value": "Tortillias",
    "synonyms": [
      "Tortillias"
    ]
  },
  {
    "value": "Baking Soda",
    "synonyms": [
      "Baking Soda"
    ]
  },
  {
    "value": "Rice",
    "synonyms": [
      "Rice"
    ]
  },
  {
    "value": "Greenbeans",
    "synonyms": [
      "Greenbeans"
    ]
  },
  {
    "value": "PorkNBeans",
    "synonyms": [
      "PorkNBeans"
    ]
  },
  {
    "value": "String Beans",
    "synonyms": [
      "String Beans"
    ]
  },
  {
    "value": "Carrots",
    "synonyms": [
      "Carrots"
    ]
  },
  {
    "value": "Olive Oil",
    "synonyms": [
      "Olive Oil"
    ]
  },
  {
    "value": "Buns",
    "synonyms": [
      "Buns"
    ]
  },
  {
    "value": "Beverage",
    "synonyms": [
      "Beverage"
    ]
  },
  {
    "value": "Margarine",
    "synonyms": [
      "Margarine"
    ]
  },
  {
    "value": "Sour Cream",
    "synonyms": [
      "Sour Cream"
    ]
  },
  {
    "value": "Jello",
    "synonyms": [
      "Jello"
    ]
  },
  {
    "value": "Broccoli",
    "synonyms": [
      "Broccoli"
    ]
  },
  {
    "value": "Pears",
    "synonyms": [
      "Pears"
    ]
  },
  {
    "value": "Horseradish",
    "synonyms": [
      "Horseradish"
    ]
  },
  {
    "value": "Fruits",
    "synonyms": [
      "Fruits"
    ]
  },
  {
    "value": "Pears",
    "synonyms": [
      "Pears"
    ]
  },
  {
    "value": "Watermelon",
    "synonyms": [
      "Watermelon"
    ]
  },
  {
    "value": "Onions",
    "synonyms": [
      "Onions"
    ]
  },
  {
    "value": "Nuts",
    "synonyms": [
      "Nuts"
    ]
  },
  {
    "value": "Hot Dog",
    "synonyms": [
      "Hot Dog"
    ]
  },
  {
    "value": "Juice",
    "synonyms": [
      "Juice"
    ]
  },
  {
    "value": "Tea",
    "synonyms": [
      "Tea"
    ]
  },
  {
    "value": "Creamer",
    "synonyms": [
      "Creamer"
    ]
  },
  {
    "value": "Brown Sugar",
    "synonyms": [
      "Brown Sugar"
    ]
  },
  {
    "value": "Flour",
    "synonyms": [
      "Flour"
    ]
  },
  {
    "value": "Grapes",
    "synonyms": [
      "Grapes"
    ]
  },
  {
    "value": "Baked Beans",
    "synonyms": [
      "Baked Beans"
    ]
  },
  {
    "value": "Broccoli",
    "synonyms": [
      "Broccoli"
    ]
  },
  {
    "value": "Salsa",
    "synonyms": [
      "Salsa"
    ]
  },
  {
    "value": "Candy",
    "synonyms": [
      "Candy"
    ]
  },
  {
    "value": "Coffee",
    "synonyms": [
      "Coffee"
    ]
  },
  {
    "value": "Cereals",
    "synonyms": [
      "Cereals"
    ]
  },
  {
    "value": "Melons",
    "synonyms": [
      "Melons"
    ]
  },
  {
    "value": "Strawberries",
    "synonyms": [
      "Strawberries"
    ]
  },
  {
    "value": "Celery",
    "synonyms": [
      "Celery"
    ]
  },
  {
    "value": "Potato",
    "synonyms": [
      "Potato"
    ]
  },
  {
    "value": "Asparagus",
    "synonyms": [
      "Asparagus"
    ]
  },
  {
    "value": "Peas",
    "synonyms": [
      "Peas"
    ]
  },
  {
    "value": "Roast Beef",
    "synonyms": [
      "Roast Beef"
    ]
  },
  {
    "value": "Sausage",
    "synonyms": [
      "Sausage"
    ]
  },
  {
    "value": "Dinners",
    "synonyms": [
      "Dinners"
    ]
  },
  {
    "value": "Seafood",
    "synonyms": [
      "Seafood"
    ]
  },
  {
    "value": "Crackers",
    "synonyms": [
      "Crackers"
    ]
  },
  {
    "value": "Pretzels",
    "synonyms": [
      "Pretzels"
    ]
  },
  {
    "value": "Milk",
    "synonyms": [
      "Milk"
    ]
  },
  {
    "value": "Sugar",
    "synonyms": [
      "Sugar"
    ]
  },
  {
    "value": "Pepper",
    "synonyms": [
      "Pepper"
    ]
  },
  {
    "value": "Cooking Spray",
    "synonyms": [
      "Cooking Spray"
    ]
  },
  {
    "value": "Vegetable Oil",
    "synonyms": [
      "Vegetable Oil"
    ]
  },
  {
    "value": "Cookies",
    "synonyms": [
      "Cookies"
    ]
  },
  {
    "value": "Nuts",
    "synonyms": [
      "Nuts"
    ]
  },
  {
    "value": "Buns",
    "synonyms": [
      "Buns"
    ]
  },
  {
    "value": "Soft Drinks",
    "synonyms": [
      "Soft Drinks"
    ]
  },
  {
    "value": "Cornstarch",
    "synonyms": [
      "Cornstarch"
    ]
  },
  {
    "value": "Rice",
    "synonyms": [
      "Rice"
    ]
  },
  {
    "value": "Cereals",
    "synonyms": [
      "Cereals"
    ]
  },
  {
    "value": "beer",
    "synonyms": [
      "beer"
    ]
  },
  {
    "value": "Tater Tots",
    "synonyms": [
      "Tater Tots"
    ]
  },
  {
    "value": "Ground",
    "synonyms": [
      "Ground"
    ]
  },
  {
    "value": "Roast",
    "synonyms": [
      "Roast"
    ]
  },
  {
    "value": "Crabmeat",
    "synonyms": [
      "Crabmeat"
    ]
  },
  {
    "value": "Snacks",
    "synonyms": [
      "Snacks"
    ]
  },
  {
    "value": "Water",
    "synonyms": [
      "Water"
    ]
  },
  {
    "value": "Sour Cream",
    "synonyms": [
      "Sour Cream"
    ]
  },
  {
    "value": "cola",
    "synonyms": [
      "cola"
    ]
  },
  {
    "value": "Hamburger",
    "synonyms": [
      "Hamburger"
    ]
  },
  {
    "value": "Worcestershire",
    "synonyms": [
      "Worcestershire"
    ]
  },
  {
    "value": "Ice Cream",
    "synonyms": [
      "Ice Cream"
    ]
  },
  {
    "value": "Ham",
    "synonyms": [
      "Ham"
    ]
  },
  {
    "value": "Meat",
    "synonyms": [
      "Meat"
    ]
  },
  {
    "value": "Tuna",
    "synonyms": [
      "Tuna"
    ]
  },
  {
    "value": "Biscuits",
    "synonyms": [
      "Biscuits"
    ]
  },
  {
    "value": "coca-cola",
    "synonyms": [
      "coca-cola"
    ]
  },
  {
    "value": "Smoked Turkey",
    "synonyms": [
      "Smoked Turkey"
    ]
  },
  {
    "value": "Chops",
    "synonyms": [
      "Chops"
    ]
  },
  {
    "value": "Shrimp",
    "synonyms": [
      "Shrimp"
    ]
  },
  {
    "value": "Garlic",
    "synonyms": [
      "Garlic"
    ]
  },
  {
    "value": "Parsley",
    "synonyms": [
      "Parsley"
    ]
  },
  {
    "value": "Salsa",
    "synonyms": [
      "Salsa"
    ]
  },
  {
    "value": "Bread",
    "synonyms": [
      "Bread"
    ]
  },
  {
    "value": "Hamburger",
    "synonyms": [
      "Hamburger"
    ]
  },
  {
    "value": "Eggs",
    "synonyms": [
      "Eggs"
    ]
  },
  {
    "value": "Baking Soda",
    "synonyms": [
      "Baking Soda"
    ]
  },
  {
    "value": "Cereal",
    "synonyms": [
      "Cereal"
    ]
  },
  {
    "value": "Mixed Veg.",
    "synonyms": [
      "Mixed Veg."
    ]
  },
  {
    "value": "Vanilla Extract",
    "synonyms": [
      "Vanilla Extract"
    ]
  },
  {
    "value": "French Fries",
    "synonyms": [
      "French Fries"
    ]
  },
  {
    "value": "Pizza",
    "synonyms": [
      "Pizza"
    ]
  },
  {
    "value": "Peas",
    "synonyms": [
      "Peas"
    ]
  },
  {
    "value": "Bacon",
    "synonyms": [
      "Bacon"
    ]
  },
  {
    "value": "Scallops",
    "synonyms": [
      "Scallops"
    ]
  },
  {
    "value": "Paprika",
    "synonyms": [
      "Paprika"
    ]
  },
  {
    "value": "Mayonnaise",
    "synonyms": [
      "Mayonnaise"
    ]
  },
  {
    "value": "Oil",
    "synonyms": [
      "Oil"
    ]
  },
  {
    "value": "Raisins",
    "synonyms": [
      "Raisins"
    ]
  },
  {
    "value": "Beverage",
    "synonyms": [
      "Beverage"
    ]
  },
  {
    "value": "Butter",
    "synonyms": [
      "Butter"
    ]
  },
  {
    "value": "pepsi",
    "synonyms": [
      "pepsi",
      "pepsi-cola",
      "pepsi cola"
    ]
  },
  {
    "value": "Ham",
    "synonyms": [
      "Ham"
    ]
  },
  {
    "value": "Fish",
    "synonyms": [
      "Fish"
    ]
  },
  {
    "value": "Soy Sauce",
    "synonyms": [
      "Soy Sauce"
    ]
  },
  {
    "value": "Cake Mix",
    "synonyms": [
      "Cake Mix"
    ]
  },
  {
    "value": "Salmon",
    "synonyms": [
      "Salmon"
    ]
  },
  {
    "value": "Chicken",
    "synonyms": [
      "Chicken"
    ]
  },
  {
    "value": "Vienna Sausage",
    "synonyms": [
      "Vienna Sausage"
    ]
  },
  {
    "value": "Nutmeg",
    "synonyms": [
      "Nutmeg"
    ]
  },
  {
    "value": "Yogurt",
    "synonyms": [
      "Yogurt"
    ]
  },
  {
    "value": "Oatmeal",
    "synonyms": [
      "Oatmeal"
    ]
  },
  {
    "value": "Steaks",
    "synonyms": [
      "Steaks"
    ]
  },
  {
    "value": "Ginger",
    "synonyms": [
      "Ginger"
    ]
  },
  {
    "value": "Ketchup",
    "synonyms": [
      "Ketchup"
    ]
  },
  {
    "value": "Peanut Butter",
    "synonyms": [
      "Peanut Butter"
    ]
  },
  {
    "value": "Popcorn",
    "synonyms": [
      "Popcorn"
    ]
  },
  {
    "value": "Tea",
    "synonyms": [
      "Tea"
    ]
  },
  {
    "value": "Refried Beans",
    "synonyms": [
      "Refried Beans"
    ]
  },
  {
    "value": "Cocoa",
    "synonyms": [
      "Cocoa"
    ]
  },
  {
    "value": "Flour",
    "synonyms": [
      "Flour"
    ]
  },
  {
    "value": "Beef",
    "synonyms": [
      "Beef"
    ]
  },
  {
    "value": "Pork",
    "synonyms": [
      "Pork"
    ]
  },
  {
    "value": "Roast",
    "synonyms": [
      "Roast"
    ]
  },
  {
    "value": "Horseradish",
    "synonyms": [
      "Horseradish"
    ]
  },
  {
    "value": "Candy",
    "synonyms": [
      "Candy"
    ]
  },
  {
    "value": "Potato Chips",
    "synonyms": [
      "Potato Chips"
    ]
  },
  {
    "value": "Hot Dog",
    "synonyms": [
      "Hot Dog"
    ]
  },
  {
    "value": "Juice",
    "synonyms": [
      "Juice"
    ]
  },
  {
    "value": "Orange Juice",
    "synonyms": [
      "Orange Juice"
    ]
  },
  {
    "value": "Creamer",
    "synonyms": [
      "Creamer"
    ]
  },
  {
    "value": "Tomato Paste",
    "synonyms": [
      "Tomato Paste"
    ]
  },
  {
    "value": "Tortillias",
    "synonyms": [
      "Tortillias"
    ]
  },
  {
    "value": "Turkey",
    "synonyms": [
      "Turkey"
    ]
  },
  {
    "value": "Honey",
    "synonyms": [
      "Honey"
    ]
  },
  {
    "value": "Syrup",
    "synonyms": [
      "Syrup"
    ]
  },
  {
    "value": "Margarine",
    "synonyms": [
      "Margarine"
    ]
  },
  {
    "value": "Brown Sugar",
    "synonyms": [
      "Brown Sugar"
    ]
  },
  {
    "value": "Pancake Mix",
    "synonyms": [
      "Pancake Mix"
    ]
  },
  {
    "value": "Cinnamon",
    "synonyms": [
      "Cinnamon"
    ]
  },
  {
    "value": "Onion Powder",
    "synonyms": [
      "Onion Powder"
    ]
  },
  {
    "value": "Olive Oil",
    "synonyms": [
      "Olive Oil"
    ]
  },
  {
    "value": "Cheese",
    "synonyms": [
      "Cheese"
    ]
  },
  {
    "value": "Coffee",
    "synonyms": [
      "Coffee"
    ]
  },
  {
    "value": "Sports Drinks",
    "synonyms": [
      "Sports Drinks"
    ]
  },
  {
    "value": "Sliced Cheese",
    "synonyms": [
      "Sliced Cheese"
    ]
  },
  {
    "value": "Spanish Rice",
    "synonyms": [
      "Spanish Rice"
    ]
  },
  {
    "value": "Salt",
    "synonyms": [
      "Salt"
    ]
  },
  {
    "value": "Jelly",
    "synonyms": [
      "Jelly"
    ]
  },
  {
    "value": "Mustard",
    "synonyms": [
      "Mustard"
    ]
  },
  {
    "value": "Milk",
    "synonyms": [
      "Milk"
    ]
  },
  {
    "value": "Tacos",
    "synonyms": [
      "Tacos"
    ]
  },
  {
    "value": "Brownie Mix",
    "synonyms": [
      "Brownie Mix"
    ]
  },
  {
    "value": "Jello",
    "synonyms": [
      "Jello"
    ]
  },
  {
    "value": "Oregano",
    "synonyms": [
      "Oregano"
    ]
  },
  {
    "value": "Green Chili",
    "synonyms": [
      "Green Chili"
    ]
  },
  {
    "value": "Salsa",
    "synonyms": [
      "Salsa"
    ]
  }
]