[
  {
    "id": "ca7ac490-58c1-45d9-a360-4d145534b2e0",
    "data": [
      {
        "text": "Hi",
        "userDefined": false
      }
    ],
    "isTemplate": false,
    "count": 0,
    "updated": 1517317968
  },
  {
    "id": "8cc7d873-46a4-4a43-a0d4-677288fae0b9",
    "data": [
      {
        "text": "Hey",
        "userDefined": false
      }
    ],
    "isTemplate": false,
    "count": 0,
    "updated": 1517317968
  },
  {
    "id": "c3d95c1a-ac05-47b9-a941-d67dced413ee",
    "data": [
      {
        "text": "Hello",
        "userDefined": false
      }
    ],
    "isTemplate": false,
    "count": 0,
    "updated": 1517317968
  },
  {
    "id": "08a6c7d0-56ae-4496-913b-dd55b9b96c30",
    "data": [
      {
        "text": "Hi!",
        "userDefined": false
      }
    ],
    "isTemplate": false,
    "count": 0,
    "updated": 1517317968
  }
]