[
  {
    "id": "b52a41b1-2e54-4a9c-90ac-f25f83bc8bcc",
    "data": [
      {
        "text": "What\u0027s ",
        "userDefined": false
      },
      {
        "text": "fats, carbohydrates and proteins content",
        "alias": "composition",
        "meta": "@composition",
        "userDefined": true
      },
      {
        "text": " in pasta?",
        "userDefined": false
      }
    ],
    "isTemplate": false,
    "count": 0,
    "updated": 1517318335
  },
  {
    "id": "36366958-de31-4ee0-ad48-e0430566cc92",
    "data": [
      {
        "text": "and what about ",
        "userDefined": false
      },
      {
        "text": "eggs",
        "alias": "food",
        "meta": "@food",
        "userDefined": true
      },
      {
        "text": "?",
        "userDefined": false
      }
    ],
    "isTemplate": false,
    "count": 0
  },
  {
    "id": "1636cedb-e8e2-4983-b538-b9b202b8a579",
    "data": [
      {
        "text": "Tell me ",
        "userDefined": false
      },
      {
        "text": "composition",
        "alias": "composition",
        "meta": "@composition",
        "userDefined": false
      },
      {
        "text": " of ",
        "userDefined": false
      },
      {
        "text": "sausage",
        "alias": "food",
        "meta": "@food",
        "userDefined": false
      }
    ],
    "isTemplate": false,
    "count": 0,
    "updated": 1517318335
  },
  {
    "id": "3ace21ae-624e-48e7-a4c4-e276e40a5263",
    "data": [
      {
        "text": "Pasta",
        "alias": "food",
        "meta": "@food",
        "userDefined": true
      },
      {
        "text": " ",
        "userDefined": false
      },
      {
        "text": "composition",
        "alias": "composition",
        "meta": "@composition",
        "userDefined": false
      }
    ],
    "isTemplate": false,
    "count": 0,
    "updated": 1517318335
  },
  {
    "id": "8d9efac0-65d0-4027-9710-545dc0f904e6",
    "data": [
      {
        "text": "Egg",
        "alias": "food",
        "meta": "@food",
        "userDefined": false
      }
    ],
    "isTemplate": false,
    "count": 0,
    "updated": 1517318335
  },
  {
    "id": "462c0f78-d65d-45d4-bd4a-18e279180924",
    "data": [
      {
        "text": "What is the ",
        "userDefined": false
      },
      {
        "text": "composition",
        "alias": "composition",
        "meta": "@composition",
        "userDefined": false
      },
      {
        "text": " of ",
        "userDefined": false
      },
      {
        "text": "apple",
        "alias": "food",
        "meta": "@food",
        "userDefined": false
      },
      {
        "text": "?",
        "userDefined": false
      }
    ],
    "isTemplate": false,
    "count": 0,
    "updated": 1517318335
  }
]