[
  {
    "id": "00cbd04a-ca20-47fb-beb5-95a30efb10d4",
    "data": [
      {
        "text": "wow wow wow",
        "userDefined": false
      }
    ],
    "isTemplate": false,
    "count": 0,
    "updated": 0
  },
  {
    "id": "d923d589-2631-4d34-8121-90cbe124cec9",
    "data": [
      {
        "text": "wooow",
        "userDefined": false
      }
    ],
    "isTemplate": false,
    "count": 0,
    "updated": 0
  },
  {
    "id": "a104d5a9-0fcb-43ff-8184-f56604745e72",
    "data": [
      {
        "text": "wow wow",
        "userDefined": false
      }
    ],
    "isTemplate": false,
    "count": 0,
    "updated": 0
  },
  {
    "id": "68a9f859-a8d6-4025-87b6-9d1424f989de",
    "data": [
      {
        "text": "woah",
        "userDefined": false
      }
    ],
    "isTemplate": false,
    "count": 0,
    "updated": 0
  },
  {
    "id": "82b5ee00-7350-479f-97a3-b945afd1a22a",
    "data": [
      {
        "text": "wow",
        "userDefined": false
      }
    ],
    "isTemplate": false,
    "count": 0,
    "updated": 0
  }
]