[
  {
    "id": "b83f44af-5aae-477d-aa5c-f64844eb2c28",
    "data": [
      {
        "text": "I\u0027m waiting",
        "userDefined": false
      }
    ],
    "isTemplate": false,
    "count": 0,
    "updated": 0
  },
  {
    "id": "ce9854b7-550f-4c73-b4f3-d3af3446fbf0",
    "data": [
      {
        "text": "still waiting",
        "userDefined": false
      }
    ],
    "isTemplate": false,
    "count": 0,
    "updated": 0
  },
  {
    "id": "87f320a6-8c0c-4815-bafd-a4eef447c94e",
    "data": [
      {
        "text": "I can\u0027t wait anymore",
        "userDefined": false
      }
    ],
    "isTemplate": false,
    "count": 0,
    "updated": 0
  },
  {
    "id": "ca0f9264-f9a4-4254-803b-024a6494cd2b",
    "data": [
      {
        "text": "how long do I have to wait",
        "userDefined": false
      }
    ],
    "isTemplate": false,
    "count": 0,
    "updated": 0
  },
  {
    "id": "27281967-2210-4518-a091-83a1b27f985e",
    "data": [
      {
        "text": "I\u0027ll wait",
        "userDefined": false
      }
    ],
    "isTemplate": false,
    "count": 0,
    "updated": 0
  }
]