[
  {
    "id": "5aafc713-0ba2-4ee2-9511-9ef88651a967",
    "data": [
      {
        "text": "hold ",
        "userDefined": false
      },
      {
        "text": "on",
        "meta": "@sys.ignore",
        "userDefined": false
      }
    ],
    "isTemplate": false,
    "count": 0,
    "updated": 0
  },
  {
    "id": "58495fef-8f7d-412b-9ab7-eeccbeccb232",
    "data": [
      {
        "text": "don",
        "meta": "@sys.ignore",
        "userDefined": false
      },
      {
        "text": "\u0027t ",
        "userDefined": false
      },
      {
        "text": "rush",
        "meta": "@sys.ignore",
        "userDefined": false
      }
    ],
    "isTemplate": false,
    "count": 0,
    "updated": 0
  },
  {
    "id": "c0b52a43-2b11-4512-ae3a-cb64982d858c",
    "data": [
      {
        "text": "could you wait",
        "userDefined": false
      }
    ],
    "isTemplate": false,
    "count": 0,
    "updated": 0
  },
  {
    "id": "953b36ce-3b58-4026-92f2-e99075d24875",
    "data": [
      {
        "text": "wait",
        "userDefined": false
      }
    ],
    "isTemplate": false,
    "count": 0,
    "updated": 0
  },
  {
    "id": "5e611e1c-8043-4b00-aed6-9f4642449a7d",
    "data": [
      {
        "text": "oh wait",
        "userDefined": false
      }
    ],
    "isTemplate": false,
    "count": 0,
    "updated": 0
  },
  {
    "id": "3a8a3971-9620-48d4-89f6-bd751da30e55",
    "data": [
      {
        "text": "wait hold ",
        "userDefined": false
      },
      {
        "text": "on",
        "meta": "@sys.ignore",
        "userDefined": false
      }
    ],
    "isTemplate": false,
    "count": 0,
    "updated": 0
  },
  {
    "id": "9fbb41ef-5492-490e-b30f-5637fa7eac0d",
    "data": [
      {
        "text": "wait a second",
        "userDefined": false
      }
    ],
    "isTemplate": false,
    "count": 0,
    "updated": 0
  },
  {
    "id": "5ca34974-0114-4f82-a340-956d04929c6f",
    "data": [
      {
        "text": "wait please",
        "userDefined": false
      }
    ],
    "isTemplate": false,
    "count": 0,
    "updated": 0
  }
]